{"cameraMode":{"drawMode":0,"name":"Shaded","section":"Shading Mode"},"sceneLighting":false,"audioPlay":false,"sceneViewState":{"m_AlwaysRefresh":false,"showFog":true,"showSkybox":false,"showFlares":true,"showImageEffects":true,"showParticleSystems":true,"showVisualEffectGraphs":true,"m_FxEnabled":true},"in2DMode":false,"pivot":{"x":-0.004491794854402542,"y":0.00986158475279808,"z":0.15704554319381715},"rotation":{"x":0.0049363705329597,"y":-0.9943204522132874,"z":0.09305170178413391,"w":0.053128957748413089},"size":1.1612712144851685,"orthographic":false}