{"cameraMode":{"drawMode":0,"name":"Shaded","section":"Shading Mode"},"sceneLighting":false,"audioPlay":false,"sceneViewState":{"m_AlwaysRefresh":false,"showFog":true,"showSkybox":false,"showFlares":true,"showImageEffects":true,"showParticleSystems":true,"showVisualEffectGraphs":true,"m_FxEnabled":true},"in2DMode":false,"pivot":{"x":-5.261951446533203,"y":4.219044208526611,"z":1.2262529134750367},"rotation":{"x":0.027408983558416368,"y":-0.6617243885993958,"z":0.024262849241495134,"w":0.7489877939224243},"size":3.4330155849456789,"orthographic":false}