{"cameraMode":{"drawMode":0,"name":"Shaded","section":"Shading Mode"},"sceneLighting":false,"audioPlay":false,"sceneViewState":{"m_AlwaysRefresh":false,"showFog":true,"showSkybox":false,"showFlares":true,"showImageEffects":true,"showParticleSystems":true,"showVisualEffectGraphs":true,"m_FxEnabled":true},"in2DMode":false,"pivot":{"x":-0.012763559818267823,"y":0.0011500269174575806,"z":-0.002429746091365814},"rotation":{"x":-0.24214009940624238,"y":0.15495167672634126,"z":-0.03919002786278725,"w":-0.9570293426513672},"size":0.3185601830482483,"orthographic":false}